{
    "datamodel.search.DelehoybMshoshanUfperez_datamodel.OneDelehoybMshoshanUfperezUnProcessedLink": {}
}{
    "datamodel.search.DelehoybMshoshanUfperez_datamodel.OneDelehoybMshoshanUfperezUnProcessedLink": {}
}{
    "datamodel.search.DelehoybMshoshanUfperez_datamodel.OneDelehoybMshoshanUfperezUnProcessedLink": {
        "www.ics.uci.edu": 1525665814.387
    }
}{
    "datamodel.search.DelehoybMshoshanUfperez_datamodel.OneDelehoybMshoshanUfperezUnProcessedLink": {
        "www.ics.uci.edu/ugrad": 1525665817.855
    }
}{
    "datamodel.search.DelehoybMshoshanUfperez_datamodel.OneDelehoybMshoshanUfperezUnProcessedLink": {
        "www.ics.uci.edu/policies/CS199_IN4MATX199.php": 1525665840.953
    }
}{
    "datamodel.search.DelehoybMshoshanUfperez_datamodel.OneDelehoybMshoshanUfperezUnProcessedLink": {
        "www.ics.uci.edu/about/equity": 1525665817.855
    }
}{
    "datamodel.search.DelehoybMshoshanUfperez_datamodel.OneDelehoybMshoshanUfperezUnProcessedLink": {
        "www.ics.uci.edu/involved/leadership_council": 1525665817.855
    }
}{
    "datamodel.search.DelehoybMshoshanUfperez_datamodel.OneDelehoybMshoshanUfperezUnProcessedLink": {
        "www.ics.uci.edu/involved/information_session.php": 1525665846.496
    }
}{
    "datamodel.search.DelehoybMshoshanUfperez_datamodel.OneDelehoybMshoshanUfperezUnProcessedLink": {
        "www.ics.uci.edu/grad/index": 1525665817.855
    }
}{
    "datamodel.search.DelehoybMshoshanUfperez_datamodel.OneDelehoybMshoshanUfperezUnProcessedLink": {
        "www.ics.uci.edu/grad/courses/index.php": 1525665856.946
    }
}{
    "datamodel.search.DelehoybMshoshanUfperez_datamodel.OneDelehoybMshoshanUfperezUnProcessedLink": {
        "www.ics.uci.edu/degrees/Minors.php": 1525665840.953
    }
}{
    "datamodel.search.DelehoybMshoshanUfperez_datamodel.OneDelehoybMshoshanUfperezUnProcessedLink": {
        "www.ics.uci.edu/../../computing/account/new.php": 1525665840.953
    }
}{
    "datamodel.search.DelehoybMshoshanUfperez_datamodel.OneDelehoybMshoshanUfperezUnProcessedLink": {
        "www.ics.uci.edu/about/brenhall/index.php": 1525665817.855
    }
}{
    "datamodel.search.DelehoybMshoshanUfperez_datamodel.OneDelehoybMshoshanUfperezUnProcessedLink": {
        "www.ics.uci.edu/ugrad/index.php": 1525665868.201
    }
}{
    "datamodel.search.DelehoybMshoshanUfperez_datamodel.OneDelehoybMshoshanUfperezUnProcessedLink": {
        "www.ics.uci.edu/ugrad/policies/Course_Outside_UCI.php": 1525665871.442
    }
}{
    "datamodel.search.DelehoybMshoshanUfperez_datamodel.OneDelehoybMshoshanUfperezUnProcessedLink": {
        "www.ics.uci.edu/involved/leadership_council.php": 1525665846.496
    }
}{
    "datamodel.search.DelehoybMshoshanUfperez_datamodel.OneDelehoybMshoshanUfperezUnProcessedLink": {
        "www.ics.uci.edu/ugrad/policies/CS199_IN4MATX199.php": 1525665871.442
    }
}{
    "datamodel.search.DelehoybMshoshanUfperez_datamodel.OneDelehoybMshoshanUfperezUnProcessedLink": {
        "www.ics.uci.edu/grad/admissions/index.php": 1525665856.946
    }
}{
    "datamodel.search.DelehoybMshoshanUfperez_datamodel.OneDelehoybMshoshanUfperezUnProcessedLink": {
        "mhcid.ics.uci.edu": 1525665883.273
    }
}{
    "datamodel.search.DelehoybMshoshanUfperez_datamodel.OneDelehoybMshoshanUfperezUnProcessedLink": {
        "www.ics.uci.edu/community/news/view_news?id=1322": 1525665817.855
    }
}{
    "datamodel.search.DelehoybMshoshanUfperez_datamodel.OneDelehoybMshoshanUfperezUnProcessedLink": {
        "mhcid.ics.uci.edu/wp-json": 1525665906.147
    }
}{
    "datamodel.search.DelehoybMshoshanUfperez_datamodel.OneDelehoybMshoshanUfperezUnProcessedLink": {
        "mhcid.ics.uci.edu/admissions/online-information-sessions": 1525665906.147
    }
}{
    "datamodel.search.DelehoybMshoshanUfperez_datamodel.OneDelehoybMshoshanUfperezUnProcessedLink": {
        "www.ics.uci.edu/community/news/index.php": 1525665909.964
    }
}{
    "datamodel.search.DelehoybMshoshanUfperez_datamodel.OneDelehoybMshoshanUfperezUnProcessedLink": {
        "www.ics.uci.edu/community/news/view_news?id=1267": 1525665918.616
    }
}{
    "datamodel.search.DelehoybMshoshanUfperez_datamodel.OneDelehoybMshoshanUfperezUnProcessedLink": {
        "www.ics.uci.edu/community/news/view_news?id=1266": 1525665918.616
    }
}{
    "datamodel.search.DelehoybMshoshanUfperez_datamodel.OneDelehoybMshoshanUfperezUnProcessedLink": {
        "www.ics.uci.edu/community/news/view_news?id=1265": 1525665918.616
    }
}{
    "datamodel.search.DelehoybMshoshanUfperez_datamodel.OneDelehoybMshoshanUfperezUnProcessedLink": {
        "www.ics.uci.edu/community/news/view_news?id=1264": 1525665918.616
    }
}{
    "datamodel.search.DelehoybMshoshanUfperez_datamodel.OneDelehoybMshoshanUfperezUnProcessedLink": {
        "www.ics.uci.edu/community/news/view_news?id=1263": 1525665918.616
    }
}{
    "datamodel.search.DelehoybMshoshanUfperez_datamodel.OneDelehoybMshoshanUfperezUnProcessedLink": {
        "www.ics.uci.edu/community/news/view_news?id=1262": 1525665918.616
    }
}{
    "datamodel.search.DelehoybMshoshanUfperez_datamodel.OneDelehoybMshoshanUfperezUnProcessedLink": {
        "www.ics.uci.edu/community/news/view_news?id=1193": 1525665918.616
    }
}{
    "datamodel.search.DelehoybMshoshanUfperez_datamodel.OneDelehoybMshoshanUfperezUnProcessedLink": {
        "www.ics.uci.edu/community/news/view_news?id=1261": 1525665918.616
    }
}{
    "datamodel.search.DelehoybMshoshanUfperez_datamodel.OneDelehoybMshoshanUfperezUnProcessedLink": {
        "www.ics.uci.edu/involved/corporate_partner.php": 1525665846.496
    }
}{
    "datamodel.search.DelehoybMshoshanUfperez_datamodel.OneDelehoybMshoshanUfperezUnProcessedLink": {
        "www.ics.uci.edu/community/news/view_news?id=1260": 1525665918.616
    }
}{
    "datamodel.search.DelehoybMshoshanUfperez_datamodel.OneDelehoybMshoshanUfperezUnProcessedLink": {
        "www.ics.uci.edu/community/news/view_news?id=1189": 1525665918.616
    }
}{
    "datamodel.search.DelehoybMshoshanUfperez_datamodel.OneDelehoybMshoshanUfperezUnProcessedLink": {
        "www.ics.uci.edu/community/news/view_news?id=1269": 1525665918.616
    }
}{
    "datamodel.search.DelehoybMshoshanUfperez_datamodel.OneDelehoybMshoshanUfperezUnProcessedLink": {
        "www.ics.uci.edu/ugrad/policies/Add_Drop_ChangeOption.php": 1525665871.442
    }
}{
    "datamodel.search.DelehoybMshoshanUfperez_datamodel.OneDelehoybMshoshanUfperezUnProcessedLink": {
        "www.ics.uci.edu/community/news/view_news?id=1268": 1525665918.616
    }
}{
    "datamodel.search.DelehoybMshoshanUfperez_datamodel.OneDelehoybMshoshanUfperezUnProcessedLink": {
        "ngs.ics.uci.edu": 1525665932.259
    }
}{
    "datamodel.search.DelehoybMshoshanUfperez_datamodel.OneDelehoybMshoshanUfperezUnProcessedLink": {
        "ngs.ics.uci.edu/entrepreneurship/current-companies": 1525665985.714
    }
}{
    "datamodel.search.DelehoybMshoshanUfperez_datamodel.OneDelehoybMshoshanUfperezUnProcessedLink": {
        "ngs.ics.uci.edu/teaching/current-courses": 1525665985.714
    }
}{
    "datamodel.search.DelehoybMshoshanUfperez_datamodel.OneDelehoybMshoshanUfperezUnProcessedLink": {
        "www.ics.uci.edu/statistics/grad/index.php": 1525665883.273
    }
}{
    "datamodel.search.DelehoybMshoshanUfperez_datamodel.OneDelehoybMshoshanUfperezUnProcessedLink": {
        "ngs.ics.uci.edu/professionalsocial/recognitions": 1525665985.714
    }
}{
    "datamodel.search.DelehoybMshoshanUfperez_datamodel.OneDelehoybMshoshanUfperezUnProcessedLink": {
        "ngs.ics.uci.edu/about-ramesh/events": 1525665985.714
    }
}{
    "datamodel.search.DelehoybMshoshanUfperez_datamodel.OneDelehoybMshoshanUfperezUnProcessedLink": {
        "ngs.ics.uci.edu?p=1656": 1525665998.08
    }
}{
    "datamodel.search.DelehoybMshoshanUfperez_datamodel.OneDelehoybMshoshanUfperezUnProcessedLink": {
        "calendar.ics.uci.edu/calendar.php": 1525665817.855
    }
}{
    "datamodel.search.DelehoybMshoshanUfperez_datamodel.OneDelehoybMshoshanUfperezUnProcessedLink": {
        "www.ics.uci.edu/about/about_safety.php": 1525665868.201
    }
}{
    "datamodel.search.DelehoybMshoshanUfperez_datamodel.OneDelehoybMshoshanUfperezUnProcessedLink": {
        "www.ics.uci.edu/~sbaidya": 1525665941.199
    }
}{
    "datamodel.search.DelehoybMshoshanUfperez_datamodel.OneDelehoybMshoshanUfperezUnProcessedLink": {
        "ngs.ics.uci.edu/research/research-papers/experiential-computing": 1525665985.714
    }
}{
    "datamodel.search.DelehoybMshoshanUfperez_datamodel.OneDelehoybMshoshanUfperezUnProcessedLink": {
        "www.ics.uci.edu/community/news/view_news?id=1249": 1525665918.616
    }
}{
    "datamodel.search.DelehoybMshoshanUfperez_datamodel.OneDelehoybMshoshanUfperezUnProcessedLink": {
        "www.ics.uci.edu/community/news/view_news?id=1248": 1525665918.616
    }
}{
    "datamodel.search.DelehoybMshoshanUfperez_datamodel.OneDelehoybMshoshanUfperezUnProcessedLink": {
        "mhcid.ics.uci.edu?p=445": 1525665914.791
    }
}{
    "datamodel.search.DelehoybMshoshanUfperez_datamodel.OneDelehoybMshoshanUfperezUnProcessedLink": {
        "ngs.ics.uci.edu/entrepreneurship/past-companies": 1525665985.714
    }
}{
    "datamodel.search.DelehoybMshoshanUfperez_datamodel.OneDelehoybMshoshanUfperezUnProcessedLink": {
        "www.ics.uci.edu/community/news/view_news?id=1245": 1525665918.616
    }
}{
    "datamodel.search.DelehoybMshoshanUfperez_datamodel.OneDelehoybMshoshanUfperezUnProcessedLink": {
        "www.ics.uci.edu/community/news/view_news?id=1244": 1525665918.616
    }
}{
    "datamodel.search.DelehoybMshoshanUfperez_datamodel.OneDelehoybMshoshanUfperezUnProcessedLink": {
        "www.ics.uci.edu/community/news/view_news?id=1247": 1525665918.616
    }
}{
    "datamodel.search.DelehoybMshoshanUfperez_datamodel.OneDelehoybMshoshanUfperezUnProcessedLink": {
        "www.ics.uci.edu/community/news/view_news?id=1246": 1525665918.616
    }
}{
    "datamodel.search.DelehoybMshoshanUfperez_datamodel.OneDelehoybMshoshanUfperezUnProcessedLink": {
        "www.ics.uci.edu/community/news/view_news?id=1241": 1525665918.616
    }
}{
    "datamodel.search.DelehoybMshoshanUfperez_datamodel.OneDelehoybMshoshanUfperezUnProcessedLink": {
        "www.ics.uci.edu/community/news/view_news?id=1240": 1525665918.616
    }
}{
    "datamodel.search.DelehoybMshoshanUfperez_datamodel.OneDelehoybMshoshanUfperezUnProcessedLink": {
        "www.ics.uci.edu/community/news/view_news?id=1243": 1525665918.616
    }
}{
    "datamodel.search.DelehoybMshoshanUfperez_datamodel.OneDelehoybMshoshanUfperezUnProcessedLink": {
        "www.ics.uci.edu/community/news/view_news?id=1242": 1525665918.616
    }
}{
    "datamodel.search.DelehoybMshoshanUfperez_datamodel.OneDelehoybMshoshanUfperezUnProcessedLink": {
        "ngs.ics.uci.edu/professionalsocial": 1525665985.714
    }
}{
    "datamodel.search.DelehoybMshoshanUfperez_datamodel.OneDelehoybMshoshanUfperezUnProcessedLink": {
        "www.ics.uci.edu/ugrad/degrees/Minors": 1525665817.855
    }
}{
    "datamodel.search.DelehoybMshoshanUfperez_datamodel.OneDelehoybMshoshanUfperezUnProcessedLink": {
        "www.ics.uci.edu/policies/Withdrawal_Readmission.php": 1525665840.953
    }
}{
    "datamodel.search.DelehoybMshoshanUfperez_datamodel.OneDelehoybMshoshanUfperezUnProcessedLink": {
        "www.ics.uci.edu/ugrad/resources/index.php": 1525665871.442
    }
}{
    "datamodel.search.DelehoybMshoshanUfperez_datamodel.OneDelehoybMshoshanUfperezUnProcessedLink": {
        "www.ics.uci.edu/community/news/view_news?id=1238": 1525665918.616
    }
}{
    "datamodel.search.DelehoybMshoshanUfperez_datamodel.OneDelehoybMshoshanUfperezUnProcessedLink": {
        "www.ics.uci.edu/community/news/view_news?id=1239": 1525665918.616
    }
}{
    "datamodel.search.DelehoybMshoshanUfperez_datamodel.OneDelehoybMshoshanUfperezUnProcessedLink": {
        "www.ics.uci.edu/community/news/view_news?id=1230": 1525665918.616
    }
}{
    "datamodel.search.DelehoybMshoshanUfperez_datamodel.OneDelehoybMshoshanUfperezUnProcessedLink": {
        "www.ics.uci.edu/community/news/view_news?id=1231": 1525665918.616
    }
}{
    "datamodel.search.DelehoybMshoshanUfperez_datamodel.OneDelehoybMshoshanUfperezUnProcessedLink": {
        "www.ics.uci.edu/community/news/view_news?id=1232": 1525665918.616
    }
}{
    "datamodel.search.DelehoybMshoshanUfperez_datamodel.OneDelehoybMshoshanUfperezUnProcessedLink": {
        "www.ics.uci.edu/community/news/view_news?id=1233": 1525665918.616
    }
}{
    "datamodel.search.DelehoybMshoshanUfperez_datamodel.OneDelehoybMshoshanUfperezUnProcessedLink": {
        "www.ics.uci.edu/community/news/view_news?id=1234": 1525665918.616
    }
}{
    "datamodel.search.DelehoybMshoshanUfperez_datamodel.OneDelehoybMshoshanUfperezUnProcessedLink": {
        "www.ics.uci.edu/community/news/view_news?id=1235": 1525665918.616
    }
}{
    "datamodel.search.DelehoybMshoshanUfperez_datamodel.OneDelehoybMshoshanUfperezUnProcessedLink": {
        "www.ics.uci.edu/community/news/view_news.php?id=1321": 1525665909.964
    }
}{
    "datamodel.search.DelehoybMshoshanUfperez_datamodel.OneDelehoybMshoshanUfperezUnProcessedLink": {
        "www.ics.uci.edu/community/news/view_news.php?id=1320": 1525666204.304
    }
}{
    "datamodel.search.DelehoybMshoshanUfperez_datamodel.OneDelehoybMshoshanUfperezUnProcessedLink": {
        "www.ics.uci.edu/~mjcarey": 1525666207.091
    }
}{
    "datamodel.search.DelehoybMshoshanUfperez_datamodel.OneDelehoybMshoshanUfperezUnProcessedLink": {
        "www.ics.uci.edu/MJCarey_Prior_Research_Funding.html": 1525666211.087
    }
}{
    "datamodel.search.DelehoybMshoshanUfperez_datamodel.OneDelehoybMshoshanUfperezUnProcessedLink": {
        "www.ics.uci.edu/community/news/view_news?id=1236": 1525665918.616
    }
}{
    "datamodel.search.DelehoybMshoshanUfperez_datamodel.OneDelehoybMshoshanUfperezUnProcessedLink": {
        "www.ics.uci.edu/community/news/view_news.php?id=1322": 1525666204.304
    }
}{
    "datamodel.search.DelehoybMshoshanUfperez_datamodel.OneDelehoybMshoshanUfperezUnProcessedLink": {
        "www.ics.uci.edu/community/news/view_news?id=1237": 1525665918.616
    }
}{
    "datamodel.search.DelehoybMshoshanUfperez_datamodel.OneDelehoybMshoshanUfperezUnProcessedLink": {
        "www.ics.uci.edu/community/news/view_news.php?id=1323": 1525665909.964
    }
}{
    "datamodel.search.DelehoybMshoshanUfperez_datamodel.OneDelehoybMshoshanUfperezUnProcessedLink": {
        "www.ics.uci.edu/community/news/view_news.php?id=1324": 1525666251.452
    }
}{
    "datamodel.search.DelehoybMshoshanUfperez_datamodel.OneDelehoybMshoshanUfperezUnProcessedLink": {
        "www.ics.uci.edu/community/news/view_news.php?id=1325": 1525666255.839
    }
}{
    "datamodel.search.DelehoybMshoshanUfperez_datamodel.OneDelehoybMshoshanUfperezUnProcessedLink": {
        "www.ics.uci.edu/community/news/view_news.php?id=1326": 1525666260.657
    }
}{
    "datamodel.search.DelehoybMshoshanUfperez_datamodel.OneDelehoybMshoshanUfperezUnProcessedLink": {
        "mhcid.ics.uci.edu/program/events/career-conference": 1525665906.147
    }
}{
    "datamodel.search.DelehoybMshoshanUfperez_datamodel.OneDelehoybMshoshanUfperezUnProcessedLink": {
        "www.ics.uci.edu/sao/SAO_Events.php": 1525665840.953
    }
}{
    "datamodel.search.DelehoybMshoshanUfperez_datamodel.OneDelehoybMshoshanUfperezUnProcessedLink": {
        "www.ics.uci.edu/~sjordan": 1525665929.3
    }
}{
    "datamodel.search.DelehoybMshoshanUfperez_datamodel.OneDelehoybMshoshanUfperezUnProcessedLink": {
        "www.ics.uci.edu/~eppstein": 1525665948.111
    }
}{
    "datamodel.search.DelehoybMshoshanUfperez_datamodel.OneDelehoybMshoshanUfperezUnProcessedLink": {
        "www.ics.uci.edu/pubs/selected.html": 1525666278.994
    }
}{
    "datamodel.search.DelehoybMshoshanUfperez_datamodel.OneDelehoybMshoshanUfperezUnProcessedLink": {
        "www.ics.uci.edu/ugrad/policies/Laptop_ComputerUse.php": 1525665871.442
    }
}{
    "datamodel.search.DelehoybMshoshanUfperez_datamodel.OneDelehoybMshoshanUfperezUnProcessedLink": {
        "www.ics.uci.edu/ugrad/sao/index.php": 1525665871.442
    }
}{
    "datamodel.search.DelehoybMshoshanUfperez_datamodel.OneDelehoybMshoshanUfperezUnProcessedLink": {
        "ugradforms.ics.uci.edu": 1525666292.615
    }
}{
    "datamodel.search.DelehoybMshoshanUfperez_datamodel.OneDelehoybMshoshanUfperezUnProcessedLink": {
        "ugradforms.ics.uci.edu/index.php?login=1": 1525666294.155
    }
}{
    "datamodel.search.DelehoybMshoshanUfperez_datamodel.OneDelehoybMshoshanUfperezUnProcessedLink": {
        "ngs.ics.uci.edu/teacher": 1525665985.714
    }
}{
    "datamodel.search.DelehoybMshoshanUfperez_datamodel.OneDelehoybMshoshanUfperezUnProcessedLink": {
        "www.ics.uci.edu/degrees/Double_Majors.php": 1525665840.953
    }
}{
    "datamodel.search.DelehoybMshoshanUfperez_datamodel.OneDelehoybMshoshanUfperezUnProcessedLink": {
        "www.ics.uci.edu/ugrad/policies/Grade_Options": 1525665817.855
    }
}{
    "datamodel.search.DelehoybMshoshanUfperez_datamodel.OneDelehoybMshoshanUfperezUnProcessedLink": {
        "mhcid.ics.uci.edu/people/mhcid-faculty-and-staff": 1525665906.147
    }
}{
    "datamodel.search.DelehoybMshoshanUfperez_datamodel.OneDelehoybMshoshanUfperezUnProcessedLink": {
        "mhcid.ics.uci.edu?p=22": 1525666342.789
    }
}{
    "datamodel.search.DelehoybMshoshanUfperez_datamodel.OneDelehoybMshoshanUfperezUnProcessedLink": {
        "www.ics.uci.edu/grad": 1525665856.946
    }
}{
    "datamodel.search.DelehoybMshoshanUfperez_datamodel.OneDelehoybMshoshanUfperezUnProcessedLink": {
        "www.ics.uci.edu/policies/index.php": 1525666356.638
    }
}{
    "datamodel.search.DelehoybMshoshanUfperez_datamodel.OneDelehoybMshoshanUfperezUnProcessedLink": {
        "www.ics.uci.edu/funding/index.php": 1525666356.638
    }
}{
    "datamodel.search.DelehoybMshoshanUfperez_datamodel.OneDelehoybMshoshanUfperezUnProcessedLink": {
        "honors.ics.uci.edu": 1525666144.077
    }
}{
    "datamodel.search.DelehoybMshoshanUfperez_datamodel.OneDelehoybMshoshanUfperezUnProcessedLink": {
        "honors.ics.uci.edu/graduate-school-resources": 1525666390.706
    }
}{
    "datamodel.search.DelehoybMshoshanUfperez_datamodel.OneDelehoybMshoshanUfperezUnProcessedLink": {
        "honors.ics.uci.edu/wp-json/oembed/1.0/embed?url=https%3A%2F%2Fhonors.ics.uci.edu%2F&format=xml": 1525666390.706
    }
}{
    "datamodel.search.DelehoybMshoshanUfperez_datamodel.OneDelehoybMshoshanUfperezUnProcessedLink": {
        "honors.ics.uci.edu/program-overview/step-2-honors-seminar-ics-h197": 1525666390.706
    }
}{
    "datamodel.search.DelehoybMshoshanUfperez_datamodel.OneDelehoybMshoshanUfperezUnProcessedLink": {
        "honors.ics.uci.edu/xmlrpc.php?rsd": 1525666390.706
    }
}{
    "datamodel.search.DelehoybMshoshanUfperez_datamodel.OneDelehoybMshoshanUfperezUnProcessedLink": {
        "honors.ics.uci.edu/wp-json/oembed/1.0/embed?url=https%3A%2F%2Fhonors.ics.uci.edu%2Fprogram-overview%2Fstep-2-honors-seminar-ics-h197%2F&format=xml": 1525666412.976
    }
}{
    "datamodel.search.DelehoybMshoshanUfperez_datamodel.OneDelehoybMshoshanUfperezUnProcessedLink": {
        "honors.ics.uci.edu/wp-json": 1525666390.706
    }
}{
    "datamodel.search.DelehoybMshoshanUfperez_datamodel.OneDelehoybMshoshanUfperezUnProcessedLink": {
        "www.ics.uci.edu/~develop/Lectures/GradPanel11Exports": 1525666394.648
    }
}{
    "datamodel.search.DelehoybMshoshanUfperez_datamodel.OneDelehoybMshoshanUfperezUnProcessedLink": {
        "www.ics.uci.edu/degrees/Second_BA.php": 1525665840.953
    }
}{
    "datamodel.search.DelehoybMshoshanUfperez_datamodel.OneDelehoybMshoshanUfperezUnProcessedLink": {
        "www.ics.uci.edu/community/news/view_news.php?id=1235": 1525666195.113
    }
}{
    "datamodel.search.DelehoybMshoshanUfperez_datamodel.OneDelehoybMshoshanUfperezUnProcessedLink": {
        "ngs.ics.uci.edu/teacher/feed": 1525666327.111
    }
}{
    "datamodel.search.DelehoybMshoshanUfperez_datamodel.OneDelehoybMshoshanUfperezUnProcessedLink": {
        "mcs.ics.uci.edu": 1525665932.259
    }
}{
    "datamodel.search.DelehoybMshoshanUfperez_datamodel.OneDelehoybMshoshanUfperezUnProcessedLink": {
        "mcs.ics.uci.edu/current-students/resources/policies": 1525666470.517
    }
}{
    "datamodel.search.DelehoybMshoshanUfperez_datamodel.OneDelehoybMshoshanUfperezUnProcessedLink": {
        "mcs.ics.uci.edu/current-students/resources/grad-student-handbook": 1525666470.517
    }
}{
    "datamodel.search.DelehoybMshoshanUfperez_datamodel.OneDelehoybMshoshanUfperezUnProcessedLink": {
        "www.ics.uci.edu/grad/policies/GradPolicies_Grading.php": 1525666474.755
    }
}{
    "datamodel.search.DelehoybMshoshanUfperez_datamodel.OneDelehoybMshoshanUfperezUnProcessedLink": {
        "mcs.ics.uci.edu/comments/feed": 1525666470.517
    }
}{
    "datamodel.search.DelehoybMshoshanUfperez_datamodel.OneDelehoybMshoshanUfperezUnProcessedLink": {
        "mcs.ics.uci.edu/advisory-board": 1525666470.517
    }
}{
    "datamodel.search.DelehoybMshoshanUfperez_datamodel.OneDelehoybMshoshanUfperezUnProcessedLink": {
        "mcs.ics.uci.edu/wp-json/oembed/1.0/embed?url=http%3A%2F%2Fmcs.ics.uci.edu%2Fadvisory-board%2F": 1525666523.199
    }
}{
    "datamodel.search.DelehoybMshoshanUfperez_datamodel.OneDelehoybMshoshanUfperezUnProcessedLink": {
        "www.ics.uci.edu/community/news/view_news?id=1286": 1525665918.616
    }
}{
    "datamodel.search.DelehoybMshoshanUfperez_datamodel.OneDelehoybMshoshanUfperezUnProcessedLink": {
        "mcs.ics.uci.edu/xmlrpc.php?rsd": 1525666470.517
    }
}{
    "datamodel.search.DelehoybMshoshanUfperez_datamodel.OneDelehoybMshoshanUfperezUnProcessedLink": {
        "mcs.ics.uci.edu/faq": 1525666470.517
    }
}{
    "datamodel.search.DelehoybMshoshanUfperez_datamodel.OneDelehoybMshoshanUfperezUnProcessedLink": {
        "www.ics.uci.edu/community/news/view_news.php?id=1287": 1525666529.626
    }
}{
    "datamodel.search.DelehoybMshoshanUfperez_datamodel.OneDelehoybMshoshanUfperezUnProcessedLink": {
        "www.ics.uci.edu/community/news/view_news.php?id=1288": 1525666571.682
    }
}{
    "datamodel.search.DelehoybMshoshanUfperez_datamodel.OneDelehoybMshoshanUfperezUnProcessedLink": {
        "www.ics.uci.edu/community/news/view_news.php?id=1289": 1525666574.353
    }
}{
    "datamodel.search.DelehoybMshoshanUfperez_datamodel.OneDelehoybMshoshanUfperezUnProcessedLink": {
        "www.ics.uci.edu/community/news/view_news.php?id=1286": 1525666571.682
    }
}{
    "datamodel.search.DelehoybMshoshanUfperez_datamodel.OneDelehoybMshoshanUfperezUnProcessedLink": {
        "www.ics.uci.edu/community/news/view_news.php?id=1285": 1525666529.626
    }
}{
    "datamodel.search.DelehoybMshoshanUfperez_datamodel.OneDelehoybMshoshanUfperezUnProcessedLink": {
        "www.ics.uci.edu/community/news/view_news.php?id=1284": 1525666580.596
    }
}{
    "datamodel.search.DelehoybMshoshanUfperez_datamodel.OneDelehoybMshoshanUfperezUnProcessedLink": {
        "www.ics.uci.edu/community/news/view_news.php?id=1283": 1525666583.431
    }
}{
    "datamodel.search.DelehoybMshoshanUfperez_datamodel.OneDelehoybMshoshanUfperezUnProcessedLink": {
        "www.ics.uci.edu/community/news/view_news.php?id=1282": 1525666586.167
    }
}{
    "datamodel.search.DelehoybMshoshanUfperez_datamodel.OneDelehoybMshoshanUfperezUnProcessedLink": {
        "www.ics.uci.edu/community/news/view_news.php?id=1281": 1525666589.132
    }
}{
    "datamodel.search.DelehoybMshoshanUfperez_datamodel.OneDelehoybMshoshanUfperezUnProcessedLink": {
        "www.ics.uci.edu/community/news/view_news.php?id=1280": 1525666592.022
    }
}{
    "datamodel.search.DelehoybMshoshanUfperez_datamodel.OneDelehoybMshoshanUfperezUnProcessedLink": {
        "www.ics.uci.edu/grad/policies/GradPolicies_GradStudentReview.php": 1525666474.755
    }
}{
    "datamodel.search.DelehoybMshoshanUfperez_datamodel.OneDelehoybMshoshanUfperezUnProcessedLink": {
        "mcs.ics.uci.edu/current-students/resources": 1525666470.517
    }
}{
    "datamodel.search.DelehoybMshoshanUfperez_datamodel.OneDelehoybMshoshanUfperezUnProcessedLink": {
        "mcs.ics.uci.edu/contact-us/staff": 1525666470.517
    }
}{
    "datamodel.search.DelehoybMshoshanUfperez_datamodel.OneDelehoybMshoshanUfperezUnProcessedLink": {
        "mcs.ics.uci.edu/wp-json/oembed/1.0/embed?url=http%3A%2F%2Fmcs.ics.uci.edu%2Fcurrent-students%2Fresources%2Fpolicies%2F": 1525666474.755
    }
}{
    "datamodel.search.DelehoybMshoshanUfperez_datamodel.OneDelehoybMshoshanUfperezUnProcessedLink": {
        "www.ics.uci.edu/ugrad/policies/Withdrawal_Readmission.php": 1525665871.442
    }
}{
    "datamodel.search.DelehoybMshoshanUfperez_datamodel.OneDelehoybMshoshanUfperezUnProcessedLink": {
        "mhcid.ics.uci.edu/program/curriculum": 1525665906.147
    }
}{
    "datamodel.search.DelehoybMshoshanUfperez_datamodel.OneDelehoybMshoshanUfperezUnProcessedLink": {
        "mhcid.ics.uci.edu/wp-json/oembed/1.0/embed?url=http%3A%2F%2Fmhcid.ics.uci.edu%2Fprogram%2Fcurriculum%2F&format=xml": 1525666636.074
    }
}{
    "datamodel.search.DelehoybMshoshanUfperez_datamodel.OneDelehoybMshoshanUfperezUnProcessedLink": {
        "www.ics.uci.edu/grad/admissions/index": 1525665817.855
    }
}{
    "datamodel.search.DelehoybMshoshanUfperez_datamodel.OneDelehoybMshoshanUfperezUnProcessedLink": {
        "ngs.ics.uci.edu/wp-json/oembed/1.0/embed?url=http%3A%2F%2Fngs.ics.uci.edu%2Fentrepreneurship%2Fpast-companies%2F&format=xml": 1525666073.211
    }
}{
    "datamodel.search.DelehoybMshoshanUfperez_datamodel.OneDelehoybMshoshanUfperezUnProcessedLink": {
        "www.ics.uci.edu/community/news/view_news.php?id=1250": 1525666055.39
    }
}{
    "datamodel.search.DelehoybMshoshanUfperez_datamodel.OneDelehoybMshoshanUfperezUnProcessedLink": {
        "ngs.ics.uci.edu/wp-json": 1525665985.714
    }
}