{
    "datamodel.search.DelehoybMshoshanUfperez_datamodel.DelehoybMshoshanUfperezLink": {}
}{
    "datamodel.search.DelehoybMshoshanUfperez_datamodel.DelehoybMshoshanUfperezLink": {
        "cwicsocal18.ics.uci.edu/program": 1525665654.12,
        "wics.ics.uci.edu": 1525665654.12,
        "wics.ics.uci.edu/about-community-outreach": 1525665654.12,
        "wics.ics.uci.edu/about-us": 1525665654.12,
        "wics.ics.uci.edu/account/begin_password_reset": 1525665681.191,
        "wics.ics.uci.edu/android-app-projects-winter-2014": 1525665654.12,
        "wics.ics.uci.edu/apply-to-wics-committee": 1525665654.12,
        "wics.ics.uci.edu/aspireit": 1525665654.12,
        "wics.ics.uci.edu/author/admin": 1525665657.839,
        "wics.ics.uci.edu/author/hitekpnai": 1525665665.005,
        "wics.ics.uci.edu/author/zeronidan": 1525665665.005,
        "wics.ics.uci.edu/category/init-together": 1525665657.839,
        "wics.ics.uci.edu/category/init-together/feed": 1525665657.839,
        "wics.ics.uci.edu/category/news": 1525665654.12,
        "wics.ics.uci.edu/comments/feed": 1525665654.12,
        "wics.ics.uci.edu/community-outreach": 1525665659.137,
        "wics.ics.uci.edu/contact": 1525665654.12,
        "wics.ics.uci.edu/corporate-sponsorship": 1525665654.12,
        "wics.ics.uci.edu/events": 1525665654.12,
        "wics.ics.uci.edu/events?ical=1": 1525665654.12,
        "wics.ics.uci.edu/exploreics": 1525665654.12,
        "wics.ics.uci.edu/fall-quarter-2016-prosky-interactive-info-session": 1525665678.72,
        "wics.ics.uci.edu/fall-quarter-2016-week-1-mentorship-mixer": 1525665678.72,
        "wics.ics.uci.edu/fall-quarter-2016-week-1-mentorship-mixer/img_2335": 1525665678.72,
        "wics.ics.uci.edu/fall-quarter-2016-week-1-mentorship-mixer/img_2338": 1525665678.72,
        "wics.ics.uci.edu/fall-quarter-2016-week-1-mentorship-mixer/img_2341": 1525665678.72,
        "wics.ics.uci.edu/fall-quarter-2016-week-1-mentorship-mixer/img_2349": 1525665678.72,
        "wics.ics.uci.edu/fall-quarter-2016-week-1-mentorship-mixer/img_2351": 1525665678.72,
        "wics.ics.uci.edu/fall-quarter-2016-week-1-mentorship-mixer/img_2366": 1525665678.72,
        "wics.ics.uci.edu/fall-quarter-2016-week-1-mentorship-mixer/img_2377": 1525665678.72,
        "wics.ics.uci.edu/fall-quarter-2016-week-2-social-meet-and-greet-event": 1525665678.72,
        "wics.ics.uci.edu/fall-quarter-2016-week-3-pwc-info-session": 1525665683.871,
        "wics.ics.uci.edu/fall-quarter-2016-week-3-pwc-info-session/feed": 1525665683.871,
        "wics.ics.uci.edu/fall-quarter-2016-week-3-pwc-info-session?share=facebook": 1525665683.871,
        "wics.ics.uci.edu/fall-quarter-2016-week-3-pwc-info-session?share=google-plus-1": 1525665683.871,
        "wics.ics.uci.edu/fall-quarter-2016-week-3-pwc-info-session?share=twitter": 1525665683.871,
        "wics.ics.uci.edu/fall-quarter-2016-week-3-wics-games": 1525665678.72,
        "wics.ics.uci.edu/fall-quarter-2016-week-4-mentorship-reveal": 1525665678.72,
        "wics.ics.uci.edu/fall-quarter-2016-week-6-facebook-diversity-panel": 1525665678.72,
        "wics.ics.uci.edu/fall-quarter-2016-wk-7-summer-internship-panel": 1525665678.72,
        "wics.ics.uci.edu/fall-quarter-2017-week-0-wics-social": 1525665665.005,
        "wics.ics.uci.edu/fall-quarter-2017-week-1-wics-first-general-meeting": 1525665675.945,
        "wics.ics.uci.edu/fall-quarter-2017-week-1-wics-first-general-meeting/feed": 1525665675.945,
        "wics.ics.uci.edu/fall-quarter-2017-week-1-wics-first-general-meeting?share=facebook": 1525665675.945,
        "wics.ics.uci.edu/fall-quarter-2017-week-1-wics-first-general-meeting?share=google-plus-1": 1525665675.945,
        "wics.ics.uci.edu/fall-quarter-2017-week-1-wics-first-general-meeting?share=twitter": 1525665681.191,
        "wics.ics.uci.edu/fall-quarter-2017-week-3-wics-games": 1525665665.005,
        "wics.ics.uci.edu/fall-quarter-week-4-study-session": 1525665678.72,
        "wics.ics.uci.edu/feed": 1525665654.12,
        "wics.ics.uci.edu/home": 1525665681.191,
        "wics.ics.uci.edu/home/feed": 1525665654.12,
        "wics.ics.uci.edu/i/js_inst?c_name=ui_metrics": 1525665681.191,
        "wics.ics.uci.edu/ignite": 1525665654.12,
        "wics.ics.uci.edu/inittogether": 1525665657.839,
        "wics.ics.uci.edu/join-us": 1525665654.12,
        "wics.ics.uci.edu/news": 1525665665.005,
        "wics.ics.uci.edu/news/page/11": 1525665665.005,
        "wics.ics.uci.edu/news/page/2": 1525665665.005,
        "wics.ics.uci.edu/news/page/3": 1525665678.72,
        "wics.ics.uci.edu/news/page/4": 1525665678.72,
        "wics.ics.uci.edu/news/page/5": 1525665678.72,
        "wics.ics.uci.edu/officers": 1525665654.12,
        "wics.ics.uci.edu/our-mentorship-program": 1525665654.12,
        "wics.ics.uci.edu/powerpoint-slides": 1525665654.12,
        "wics.ics.uci.edu/previous-officers": 1525665654.12,
        "wics.ics.uci.edu/project-development": 1525665654.12,
        "wics.ics.uci.edu/spring-quarter-2017-week-3-blizzard-tour": 1525665665.005,
        "wics.ics.uci.edu/spring-quarter-2017-week-3-riot-tour": 1525665665.005,
        "wics.ics.uci.edu/web-development-projects-fall-2013": 1525665671.049,
        "wics.ics.uci.edu/web-development-projects-fall-2013/feed": 1525665671.049,
        "wics.ics.uci.edu/wics-attends-gracehopper-conference-2016": 1525665678.72,
        "wics.ics.uci.edu/wics-fall-quarter-2017-week-2-mentorship-mixer": 1525665665.005,
        "wics.ics.uci.edu/wics-fall-quarter-week-4-twitter-qa-and-info-session": 1525665665.005,
        "wics.ics.uci.edu/wics-fall-quarter-week-6-amazon-info-session-and-tabling": 1525665665.005,
        "wics.ics.uci.edu/wics-spring-quarter-week-2-intuit-react-workshop": 1525665665.005,
        "wics.ics.uci.edu/wics-winter-quarter-week-8-amazon-interview-workshop": 1525665665.005,
        "wics.ics.uci.edu/wp-includes/wlwmanifest.xml": 1525665654.12,
        "wics.ics.uci.edu/wp-json": 1525665654.12,
        "wics.ics.uci.edu/wp-json/oembed/1.0/embed?url=http%3A%2F%2Fwics.ics.uci.edu%2F": 1525665654.12,
        "wics.ics.uci.edu/wp-json/oembed/1.0/embed?url=http%3A%2F%2Fwics.ics.uci.edu%2F&format=xml": 1525665654.12,
        "wics.ics.uci.edu/wp-json/oembed/1.0/embed?url=http%3A%2F%2Fwics.ics.uci.edu%2Ffall-quarter-2016-week-3-pwc-info-session%2F": 1525665687.21,
        "wics.ics.uci.edu/wp-json/oembed/1.0/embed?url=http%3A%2F%2Fwics.ics.uci.edu%2Ffall-quarter-2016-week-3-pwc-info-session%2F&format=xml": 1525665683.871,
        "wics.ics.uci.edu/wp-json/oembed/1.0/embed?url=http%3A%2F%2Fwics.ics.uci.edu%2Ffall-quarter-2017-week-1-wics-first-general-meeting%2F": 1525665675.945,
        "wics.ics.uci.edu/wp-json/oembed/1.0/embed?url=http%3A%2F%2Fwics.ics.uci.edu%2Ffall-quarter-2017-week-1-wics-first-general-meeting%2F&format=xml": 1525665675.945,
        "wics.ics.uci.edu/wp-json/oembed/1.0/embed?url=http%3A%2F%2Fwics.ics.uci.edu%2Fweb-development-projects-fall-2013%2F": 1525665671.049,
        "wics.ics.uci.edu/wp-json/oembed/1.0/embed?url=http%3A%2F%2Fwics.ics.uci.edu%2Fweb-development-projects-fall-2013%2F&format=xml": 1525665671.049,
        "wics.ics.uci.edu/xmlrpc.php": 1525665661.994,
        "wics.ics.uci.edu/xmlrpc.php?rsd": 1525665654.12,
        "wics.ics.uci.edu?p=2248": 1525665683.871,
        "wics.ics.uci.edu?p=2612": 1525665675.945,
        "wics.ics.uci.edu?p=960": 1525665671.049,
        "www.ics.uci.edu/~asliu1": 1525665671.049,
        "www.ics.uci.edu/~mvyawaha": 1525665671.049
    }
}{
    "datamodel.search.DelehoybMshoshanUfperez_datamodel.DelehoybMshoshanUfperezLink": {}
}