{
    "gc": {}
}{
    "gc": {
        "datamodel.search.DelehoybMshoshanUfperez_datamodel.DelehoybMshoshanUfperezLink": {
            "cwicsocal18.ics.uci.edu/program": {
                "types": {
                    "datamodel.search.DelehoybMshoshanUfperez_datamodel.DelehoybMshoshanUfperezLink": 0
                },
                "version": [
                    1525665654.12,
                    1525665654.12
                ]
            },
            "wics.ics.uci.edu": {
                "types": {
                    "datamodel.search.DelehoybMshoshanUfperez_datamodel.DelehoybMshoshanUfperezLink": 0
                },
                "version": [
                    1525665654.12,
                    1525665654.12
                ]
            },
            "wics.ics.uci.edu/about-community-outreach": {
                "types": {
                    "datamodel.search.DelehoybMshoshanUfperez_datamodel.DelehoybMshoshanUfperezLink": 0
                },
                "version": [
                    1525665654.12,
                    1525665654.12
                ]
            },
            "wics.ics.uci.edu/about-us": {
                "types": {
                    "datamodel.search.DelehoybMshoshanUfperez_datamodel.DelehoybMshoshanUfperezLink": 0
                },
                "version": [
                    1525665654.12,
                    1525665654.12
                ]
            },
            "wics.ics.uci.edu/account/begin_password_reset": {
                "types": {
                    "datamodel.search.DelehoybMshoshanUfperez_datamodel.DelehoybMshoshanUfperezLink": 0
                },
                "version": [
                    1525665681.191,
                    1525665681.191
                ]
            },
            "wics.ics.uci.edu/android-app-projects-winter-2014": {
                "types": {
                    "datamodel.search.DelehoybMshoshanUfperez_datamodel.DelehoybMshoshanUfperezLink": 0
                },
                "version": [
                    1525665654.12,
                    1525665654.12
                ]
            },
            "wics.ics.uci.edu/apply-to-wics-committee": {
                "types": {
                    "datamodel.search.DelehoybMshoshanUfperez_datamodel.DelehoybMshoshanUfperezLink": 0
                },
                "version": [
                    1525665654.12,
                    1525665654.12
                ]
            },
            "wics.ics.uci.edu/aspireit": {
                "types": {
                    "datamodel.search.DelehoybMshoshanUfperez_datamodel.DelehoybMshoshanUfperezLink": 0
                },
                "version": [
                    1525665654.12,
                    1525665654.12
                ]
            },
            "wics.ics.uci.edu/author/admin": {
                "types": {
                    "datamodel.search.DelehoybMshoshanUfperez_datamodel.DelehoybMshoshanUfperezLink": 0
                },
                "version": [
                    1525665657.839,
                    1525665657.839
                ]
            },
            "wics.ics.uci.edu/author/hitekpnai": {
                "types": {
                    "datamodel.search.DelehoybMshoshanUfperez_datamodel.DelehoybMshoshanUfperezLink": 0
                },
                "version": [
                    1525665665.005,
                    1525665665.005
                ]
            },
            "wics.ics.uci.edu/author/zeronidan": {
                "types": {
                    "datamodel.search.DelehoybMshoshanUfperez_datamodel.DelehoybMshoshanUfperezLink": 0
                },
                "version": [
                    1525665665.005,
                    1525665665.005
                ]
            },
            "wics.ics.uci.edu/category/init-together": {
                "types": {
                    "datamodel.search.DelehoybMshoshanUfperez_datamodel.DelehoybMshoshanUfperezLink": 0
                },
                "version": [
                    1525665657.839,
                    1525665657.839
                ]
            },
            "wics.ics.uci.edu/category/init-together/feed": {
                "types": {
                    "datamodel.search.DelehoybMshoshanUfperez_datamodel.DelehoybMshoshanUfperezLink": 0
                },
                "version": [
                    1525665657.839,
                    1525665657.839
                ]
            },
            "wics.ics.uci.edu/category/news": {
                "types": {
                    "datamodel.search.DelehoybMshoshanUfperez_datamodel.DelehoybMshoshanUfperezLink": 0
                },
                "version": [
                    1525665654.12,
                    1525665654.12
                ]
            },
            "wics.ics.uci.edu/comments/feed": {
                "types": {
                    "datamodel.search.DelehoybMshoshanUfperez_datamodel.DelehoybMshoshanUfperezLink": 0
                },
                "version": [
                    1525665654.12,
                    1525665654.12
                ]
            },
            "wics.ics.uci.edu/community-outreach": {
                "types": {
                    "datamodel.search.DelehoybMshoshanUfperez_datamodel.DelehoybMshoshanUfperezLink": 0
                },
                "version": [
                    1525665659.137,
                    1525665659.137
                ]
            },
            "wics.ics.uci.edu/contact": {
                "types": {
                    "datamodel.search.DelehoybMshoshanUfperez_datamodel.DelehoybMshoshanUfperezLink": 0
                },
                "version": [
                    1525665654.12,
                    1525665654.12
                ]
            },
            "wics.ics.uci.edu/corporate-sponsorship": {
                "types": {
                    "datamodel.search.DelehoybMshoshanUfperez_datamodel.DelehoybMshoshanUfperezLink": 0
                },
                "version": [
                    1525665654.12,
                    1525665654.12
                ]
            },
            "wics.ics.uci.edu/events": {
                "types": {
                    "datamodel.search.DelehoybMshoshanUfperez_datamodel.DelehoybMshoshanUfperezLink": 0
                },
                "version": [
                    1525665654.12,
                    1525665654.12
                ]
            },
            "wics.ics.uci.edu/events?ical=1": {
                "types": {
                    "datamodel.search.DelehoybMshoshanUfperez_datamodel.DelehoybMshoshanUfperezLink": 0
                },
                "version": [
                    1525665654.12,
                    1525665654.12
                ]
            },
            "wics.ics.uci.edu/exploreics": {
                "types": {
                    "datamodel.search.DelehoybMshoshanUfperez_datamodel.DelehoybMshoshanUfperezLink": 0
                },
                "version": [
                    1525665654.12,
                    1525665654.12
                ]
            },
            "wics.ics.uci.edu/fall-quarter-2016-prosky-interactive-info-session": {
                "types": {
                    "datamodel.search.DelehoybMshoshanUfperez_datamodel.DelehoybMshoshanUfperezLink": 0
                },
                "version": [
                    1525665678.72,
                    1525665678.72
                ]
            },
            "wics.ics.uci.edu/fall-quarter-2016-week-1-mentorship-mixer": {
                "types": {
                    "datamodel.search.DelehoybMshoshanUfperez_datamodel.DelehoybMshoshanUfperezLink": 0
                },
                "version": [
                    1525665678.72,
                    1525665678.72
                ]
            },
            "wics.ics.uci.edu/fall-quarter-2016-week-1-mentorship-mixer/img_2335": {
                "types": {
                    "datamodel.search.DelehoybMshoshanUfperez_datamodel.DelehoybMshoshanUfperezLink": 0
                },
                "version": [
                    1525665678.72,
                    1525665678.72
                ]
            },
            "wics.ics.uci.edu/fall-quarter-2016-week-1-mentorship-mixer/img_2338": {
                "types": {
                    "datamodel.search.DelehoybMshoshanUfperez_datamodel.DelehoybMshoshanUfperezLink": 0
                },
                "version": [
                    1525665678.72,
                    1525665678.72
                ]
            },
            "wics.ics.uci.edu/fall-quarter-2016-week-1-mentorship-mixer/img_2341": {
                "types": {
                    "datamodel.search.DelehoybMshoshanUfperez_datamodel.DelehoybMshoshanUfperezLink": 0
                },
                "version": [
                    1525665678.72,
                    1525665678.72
                ]
            },
            "wics.ics.uci.edu/fall-quarter-2016-week-1-mentorship-mixer/img_2349": {
                "types": {
                    "datamodel.search.DelehoybMshoshanUfperez_datamodel.DelehoybMshoshanUfperezLink": 0
                },
                "version": [
                    1525665678.72,
                    1525665678.72
                ]
            },
            "wics.ics.uci.edu/fall-quarter-2016-week-1-mentorship-mixer/img_2351": {
                "types": {
                    "datamodel.search.DelehoybMshoshanUfperez_datamodel.DelehoybMshoshanUfperezLink": 0
                },
                "version": [
                    1525665678.72,
                    1525665678.72
                ]
            },
            "wics.ics.uci.edu/fall-quarter-2016-week-1-mentorship-mixer/img_2366": {
                "types": {
                    "datamodel.search.DelehoybMshoshanUfperez_datamodel.DelehoybMshoshanUfperezLink": 0
                },
                "version": [
                    1525665678.72,
                    1525665678.72
                ]
            },
            "wics.ics.uci.edu/fall-quarter-2016-week-1-mentorship-mixer/img_2377": {
                "types": {
                    "datamodel.search.DelehoybMshoshanUfperez_datamodel.DelehoybMshoshanUfperezLink": 0
                },
                "version": [
                    1525665678.72,
                    1525665678.72
                ]
            },
            "wics.ics.uci.edu/fall-quarter-2016-week-2-social-meet-and-greet-event": {
                "types": {
                    "datamodel.search.DelehoybMshoshanUfperez_datamodel.DelehoybMshoshanUfperezLink": 0
                },
                "version": [
                    1525665678.72,
                    1525665678.72
                ]
            },
            "wics.ics.uci.edu/fall-quarter-2016-week-3-pwc-info-session": {
                "types": {
                    "datamodel.search.DelehoybMshoshanUfperez_datamodel.DelehoybMshoshanUfperezLink": 0
                },
                "version": [
                    1525665683.871,
                    1525665683.871
                ]
            },
            "wics.ics.uci.edu/fall-quarter-2016-week-3-pwc-info-session/feed": {
                "types": {
                    "datamodel.search.DelehoybMshoshanUfperez_datamodel.DelehoybMshoshanUfperezLink": 0
                },
                "version": [
                    1525665683.871,
                    1525665683.871
                ]
            },
            "wics.ics.uci.edu/fall-quarter-2016-week-3-pwc-info-session?share=facebook": {
                "types": {
                    "datamodel.search.DelehoybMshoshanUfperez_datamodel.DelehoybMshoshanUfperezLink": 0
                },
                "version": [
                    1525665683.871,
                    1525665683.871
                ]
            },
            "wics.ics.uci.edu/fall-quarter-2016-week-3-pwc-info-session?share=google-plus-1": {
                "types": {
                    "datamodel.search.DelehoybMshoshanUfperez_datamodel.DelehoybMshoshanUfperezLink": 0
                },
                "version": [
                    1525665683.871,
                    1525665683.871
                ]
            },
            "wics.ics.uci.edu/fall-quarter-2016-week-3-pwc-info-session?share=twitter": {
                "types": {
                    "datamodel.search.DelehoybMshoshanUfperez_datamodel.DelehoybMshoshanUfperezLink": 0
                },
                "version": [
                    1525665683.871,
                    1525665683.871
                ]
            },
            "wics.ics.uci.edu/fall-quarter-2016-week-3-wics-games": {
                "types": {
                    "datamodel.search.DelehoybMshoshanUfperez_datamodel.DelehoybMshoshanUfperezLink": 0
                },
                "version": [
                    1525665678.72,
                    1525665678.72
                ]
            },
            "wics.ics.uci.edu/fall-quarter-2016-week-4-mentorship-reveal": {
                "types": {
                    "datamodel.search.DelehoybMshoshanUfperez_datamodel.DelehoybMshoshanUfperezLink": 0
                },
                "version": [
                    1525665678.72,
                    1525665678.72
                ]
            },
            "wics.ics.uci.edu/fall-quarter-2016-week-6-facebook-diversity-panel": {
                "types": {
                    "datamodel.search.DelehoybMshoshanUfperez_datamodel.DelehoybMshoshanUfperezLink": 0
                },
                "version": [
                    1525665678.72,
                    1525665678.72
                ]
            },
            "wics.ics.uci.edu/fall-quarter-2016-wk-7-summer-internship-panel": {
                "types": {
                    "datamodel.search.DelehoybMshoshanUfperez_datamodel.DelehoybMshoshanUfperezLink": 0
                },
                "version": [
                    1525665678.72,
                    1525665678.72
                ]
            },
            "wics.ics.uci.edu/fall-quarter-2017-week-0-wics-social": {
                "types": {
                    "datamodel.search.DelehoybMshoshanUfperez_datamodel.DelehoybMshoshanUfperezLink": 0
                },
                "version": [
                    1525665665.005,
                    1525665665.005
                ]
            },
            "wics.ics.uci.edu/fall-quarter-2017-week-1-wics-first-general-meeting": {
                "types": {
                    "datamodel.search.DelehoybMshoshanUfperez_datamodel.DelehoybMshoshanUfperezLink": 0
                },
                "version": [
                    1525665675.945,
                    1525665675.945
                ]
            },
            "wics.ics.uci.edu/fall-quarter-2017-week-1-wics-first-general-meeting/feed": {
                "types": {
                    "datamodel.search.DelehoybMshoshanUfperez_datamodel.DelehoybMshoshanUfperezLink": 0
                },
                "version": [
                    1525665675.945,
                    1525665675.945
                ]
            },
            "wics.ics.uci.edu/fall-quarter-2017-week-1-wics-first-general-meeting?share=facebook": {
                "types": {
                    "datamodel.search.DelehoybMshoshanUfperez_datamodel.DelehoybMshoshanUfperezLink": 0
                },
                "version": [
                    1525665675.945,
                    1525665675.945
                ]
            },
            "wics.ics.uci.edu/fall-quarter-2017-week-1-wics-first-general-meeting?share=google-plus-1": {
                "types": {
                    "datamodel.search.DelehoybMshoshanUfperez_datamodel.DelehoybMshoshanUfperezLink": 0
                },
                "version": [
                    1525665675.945,
                    1525665675.945
                ]
            },
            "wics.ics.uci.edu/fall-quarter-2017-week-1-wics-first-general-meeting?share=twitter": {
                "types": {
                    "datamodel.search.DelehoybMshoshanUfperez_datamodel.DelehoybMshoshanUfperezLink": 0
                },
                "version": [
                    1525665681.191,
                    1525665681.191
                ]
            },
            "wics.ics.uci.edu/fall-quarter-2017-week-3-wics-games": {
                "types": {
                    "datamodel.search.DelehoybMshoshanUfperez_datamodel.DelehoybMshoshanUfperezLink": 0
                },
                "version": [
                    1525665665.005,
                    1525665665.005
                ]
            },
            "wics.ics.uci.edu/fall-quarter-week-4-study-session": {
                "types": {
                    "datamodel.search.DelehoybMshoshanUfperez_datamodel.DelehoybMshoshanUfperezLink": 0
                },
                "version": [
                    1525665678.72,
                    1525665678.72
                ]
            },
            "wics.ics.uci.edu/feed": {
                "types": {
                    "datamodel.search.DelehoybMshoshanUfperez_datamodel.DelehoybMshoshanUfperezLink": 0
                },
                "version": [
                    1525665654.12,
                    1525665654.12
                ]
            },
            "wics.ics.uci.edu/home": {
                "types": {
                    "datamodel.search.DelehoybMshoshanUfperez_datamodel.DelehoybMshoshanUfperezLink": 0
                },
                "version": [
                    1525665681.191,
                    1525665681.191
                ]
            },
            "wics.ics.uci.edu/home/feed": {
                "types": {
                    "datamodel.search.DelehoybMshoshanUfperez_datamodel.DelehoybMshoshanUfperezLink": 0
                },
                "version": [
                    1525665654.12,
                    1525665654.12
                ]
            },
            "wics.ics.uci.edu/i/js_inst?c_name=ui_metrics": {
                "types": {
                    "datamodel.search.DelehoybMshoshanUfperez_datamodel.DelehoybMshoshanUfperezLink": 0
                },
                "version": [
                    1525665681.191,
                    1525665681.191
                ]
            },
            "wics.ics.uci.edu/ignite": {
                "types": {
                    "datamodel.search.DelehoybMshoshanUfperez_datamodel.DelehoybMshoshanUfperezLink": 0
                },
                "version": [
                    1525665654.12,
                    1525665654.12
                ]
            },
            "wics.ics.uci.edu/inittogether": {
                "types": {
                    "datamodel.search.DelehoybMshoshanUfperez_datamodel.DelehoybMshoshanUfperezLink": 0
                },
                "version": [
                    1525665657.839,
                    1525665657.839
                ]
            },
            "wics.ics.uci.edu/join-us": {
                "types": {
                    "datamodel.search.DelehoybMshoshanUfperez_datamodel.DelehoybMshoshanUfperezLink": 0
                },
                "version": [
                    1525665654.12,
                    1525665654.12
                ]
            },
            "wics.ics.uci.edu/news": {
                "types": {
                    "datamodel.search.DelehoybMshoshanUfperez_datamodel.DelehoybMshoshanUfperezLink": 0
                },
                "version": [
                    1525665665.005,
                    1525665665.005
                ]
            },
            "wics.ics.uci.edu/news/page/11": {
                "types": {
                    "datamodel.search.DelehoybMshoshanUfperez_datamodel.DelehoybMshoshanUfperezLink": 0
                },
                "version": [
                    1525665665.005,
                    1525665665.005
                ]
            },
            "wics.ics.uci.edu/news/page/2": {
                "types": {
                    "datamodel.search.DelehoybMshoshanUfperez_datamodel.DelehoybMshoshanUfperezLink": 0
                },
                "version": [
                    1525665665.005,
                    1525665665.005
                ]
            },
            "wics.ics.uci.edu/news/page/3": {
                "types": {
                    "datamodel.search.DelehoybMshoshanUfperez_datamodel.DelehoybMshoshanUfperezLink": 0
                },
                "version": [
                    1525665678.72,
                    1525665678.72
                ]
            },
            "wics.ics.uci.edu/news/page/4": {
                "types": {
                    "datamodel.search.DelehoybMshoshanUfperez_datamodel.DelehoybMshoshanUfperezLink": 0
                },
                "version": [
                    1525665678.72,
                    1525665678.72
                ]
            },
            "wics.ics.uci.edu/news/page/5": {
                "types": {
                    "datamodel.search.DelehoybMshoshanUfperez_datamodel.DelehoybMshoshanUfperezLink": 0
                },
                "version": [
                    1525665678.72,
                    1525665678.72
                ]
            },
            "wics.ics.uci.edu/officers": {
                "types": {
                    "datamodel.search.DelehoybMshoshanUfperez_datamodel.DelehoybMshoshanUfperezLink": 0
                },
                "version": [
                    1525665654.12,
                    1525665654.12
                ]
            },
            "wics.ics.uci.edu/our-mentorship-program": {
                "types": {
                    "datamodel.search.DelehoybMshoshanUfperez_datamodel.DelehoybMshoshanUfperezLink": 0
                },
                "version": [
                    1525665654.12,
                    1525665654.12
                ]
            },
            "wics.ics.uci.edu/powerpoint-slides": {
                "types": {
                    "datamodel.search.DelehoybMshoshanUfperez_datamodel.DelehoybMshoshanUfperezLink": 0
                },
                "version": [
                    1525665654.12,
                    1525665654.12
                ]
            },
            "wics.ics.uci.edu/previous-officers": {
                "types": {
                    "datamodel.search.DelehoybMshoshanUfperez_datamodel.DelehoybMshoshanUfperezLink": 0
                },
                "version": [
                    1525665654.12,
                    1525665654.12
                ]
            },
            "wics.ics.uci.edu/project-development": {
                "types": {
                    "datamodel.search.DelehoybMshoshanUfperez_datamodel.DelehoybMshoshanUfperezLink": 0
                },
                "version": [
                    1525665654.12,
                    1525665654.12
                ]
            },
            "wics.ics.uci.edu/spring-quarter-2017-week-3-blizzard-tour": {
                "types": {
                    "datamodel.search.DelehoybMshoshanUfperez_datamodel.DelehoybMshoshanUfperezLink": 0
                },
                "version": [
                    1525665665.005,
                    1525665665.005
                ]
            },
            "wics.ics.uci.edu/spring-quarter-2017-week-3-riot-tour": {
                "types": {
                    "datamodel.search.DelehoybMshoshanUfperez_datamodel.DelehoybMshoshanUfperezLink": 0
                },
                "version": [
                    1525665665.005,
                    1525665665.005
                ]
            },
            "wics.ics.uci.edu/web-development-projects-fall-2013": {
                "types": {
                    "datamodel.search.DelehoybMshoshanUfperez_datamodel.DelehoybMshoshanUfperezLink": 0
                },
                "version": [
                    1525665671.049,
                    1525665671.049
                ]
            },
            "wics.ics.uci.edu/web-development-projects-fall-2013/feed": {
                "types": {
                    "datamodel.search.DelehoybMshoshanUfperez_datamodel.DelehoybMshoshanUfperezLink": 0
                },
                "version": [
                    1525665671.049,
                    1525665671.049
                ]
            },
            "wics.ics.uci.edu/wics-attends-gracehopper-conference-2016": {
                "types": {
                    "datamodel.search.DelehoybMshoshanUfperez_datamodel.DelehoybMshoshanUfperezLink": 0
                },
                "version": [
                    1525665678.72,
                    1525665678.72
                ]
            },
            "wics.ics.uci.edu/wics-fall-quarter-2017-week-2-mentorship-mixer": {
                "types": {
                    "datamodel.search.DelehoybMshoshanUfperez_datamodel.DelehoybMshoshanUfperezLink": 0
                },
                "version": [
                    1525665665.005,
                    1525665665.005
                ]
            },
            "wics.ics.uci.edu/wics-fall-quarter-week-4-twitter-qa-and-info-session": {
                "types": {
                    "datamodel.search.DelehoybMshoshanUfperez_datamodel.DelehoybMshoshanUfperezLink": 0
                },
                "version": [
                    1525665665.005,
                    1525665665.005
                ]
            },
            "wics.ics.uci.edu/wics-fall-quarter-week-6-amazon-info-session-and-tabling": {
                "types": {
                    "datamodel.search.DelehoybMshoshanUfperez_datamodel.DelehoybMshoshanUfperezLink": 0
                },
                "version": [
                    1525665665.005,
                    1525665665.005
                ]
            },
            "wics.ics.uci.edu/wics-spring-quarter-week-2-intuit-react-workshop": {
                "types": {
                    "datamodel.search.DelehoybMshoshanUfperez_datamodel.DelehoybMshoshanUfperezLink": 0
                },
                "version": [
                    1525665665.005,
                    1525665665.005
                ]
            },
            "wics.ics.uci.edu/wics-winter-quarter-week-8-amazon-interview-workshop": {
                "types": {
                    "datamodel.search.DelehoybMshoshanUfperez_datamodel.DelehoybMshoshanUfperezLink": 0
                },
                "version": [
                    1525665665.005,
                    1525665665.005
                ]
            },
            "wics.ics.uci.edu/wp-includes/wlwmanifest.xml": {
                "types": {
                    "datamodel.search.DelehoybMshoshanUfperez_datamodel.DelehoybMshoshanUfperezLink": 0
                },
                "version": [
                    1525665654.12,
                    1525665654.12
                ]
            },
            "wics.ics.uci.edu/wp-json": {
                "types": {
                    "datamodel.search.DelehoybMshoshanUfperez_datamodel.DelehoybMshoshanUfperezLink": 0
                },
                "version": [
                    1525665654.12,
                    1525665654.12
                ]
            },
            "wics.ics.uci.edu/wp-json/oembed/1.0/embed?url=http%3A%2F%2Fwics.ics.uci.edu%2F": {
                "types": {
                    "datamodel.search.DelehoybMshoshanUfperez_datamodel.DelehoybMshoshanUfperezLink": 0
                },
                "version": [
                    1525665654.12,
                    1525665654.12
                ]
            },
            "wics.ics.uci.edu/wp-json/oembed/1.0/embed?url=http%3A%2F%2Fwics.ics.uci.edu%2F&format=xml": {
                "types": {
                    "datamodel.search.DelehoybMshoshanUfperez_datamodel.DelehoybMshoshanUfperezLink": 0
                },
                "version": [
                    1525665654.12,
                    1525665654.12
                ]
            },
            "wics.ics.uci.edu/wp-json/oembed/1.0/embed?url=http%3A%2F%2Fwics.ics.uci.edu%2Ffall-quarter-2016-week-3-pwc-info-session%2F": {
                "types": {
                    "datamodel.search.DelehoybMshoshanUfperez_datamodel.DelehoybMshoshanUfperezLink": 0
                },
                "version": [
                    1525665687.21,
                    1525665687.21
                ]
            },
            "wics.ics.uci.edu/wp-json/oembed/1.0/embed?url=http%3A%2F%2Fwics.ics.uci.edu%2Ffall-quarter-2016-week-3-pwc-info-session%2F&format=xml": {
                "types": {
                    "datamodel.search.DelehoybMshoshanUfperez_datamodel.DelehoybMshoshanUfperezLink": 0
                },
                "version": [
                    1525665683.871,
                    1525665683.871
                ]
            },
            "wics.ics.uci.edu/wp-json/oembed/1.0/embed?url=http%3A%2F%2Fwics.ics.uci.edu%2Ffall-quarter-2017-week-1-wics-first-general-meeting%2F": {
                "types": {
                    "datamodel.search.DelehoybMshoshanUfperez_datamodel.DelehoybMshoshanUfperezLink": 0
                },
                "version": [
                    1525665675.945,
                    1525665675.945
                ]
            },
            "wics.ics.uci.edu/wp-json/oembed/1.0/embed?url=http%3A%2F%2Fwics.ics.uci.edu%2Ffall-quarter-2017-week-1-wics-first-general-meeting%2F&format=xml": {
                "types": {
                    "datamodel.search.DelehoybMshoshanUfperez_datamodel.DelehoybMshoshanUfperezLink": 0
                },
                "version": [
                    1525665675.945,
                    1525665675.945
                ]
            },
            "wics.ics.uci.edu/wp-json/oembed/1.0/embed?url=http%3A%2F%2Fwics.ics.uci.edu%2Fweb-development-projects-fall-2013%2F": {
                "types": {
                    "datamodel.search.DelehoybMshoshanUfperez_datamodel.DelehoybMshoshanUfperezLink": 0
                },
                "version": [
                    1525665671.049,
                    1525665671.049
                ]
            },
            "wics.ics.uci.edu/wp-json/oembed/1.0/embed?url=http%3A%2F%2Fwics.ics.uci.edu%2Fweb-development-projects-fall-2013%2F&format=xml": {
                "types": {
                    "datamodel.search.DelehoybMshoshanUfperez_datamodel.DelehoybMshoshanUfperezLink": 0
                },
                "version": [
                    1525665671.049,
                    1525665671.049
                ]
            },
            "wics.ics.uci.edu/xmlrpc.php": {
                "types": {
                    "datamodel.search.DelehoybMshoshanUfperez_datamodel.DelehoybMshoshanUfperezLink": 0
                },
                "version": [
                    1525665661.994,
                    1525665661.994
                ]
            },
            "wics.ics.uci.edu/xmlrpc.php?rsd": {
                "types": {
                    "datamodel.search.DelehoybMshoshanUfperez_datamodel.DelehoybMshoshanUfperezLink": 0
                },
                "version": [
                    1525665654.12,
                    1525665654.12
                ]
            },
            "wics.ics.uci.edu?p=2248": {
                "types": {
                    "datamodel.search.DelehoybMshoshanUfperez_datamodel.DelehoybMshoshanUfperezLink": 0
                },
                "version": [
                    1525665683.871,
                    1525665683.871
                ]
            },
            "wics.ics.uci.edu?p=2612": {
                "types": {
                    "datamodel.search.DelehoybMshoshanUfperez_datamodel.DelehoybMshoshanUfperezLink": 0
                },
                "version": [
                    1525665675.945,
                    1525665675.945
                ]
            },
            "wics.ics.uci.edu?p=960": {
                "types": {
                    "datamodel.search.DelehoybMshoshanUfperez_datamodel.DelehoybMshoshanUfperezLink": 0
                },
                "version": [
                    1525665671.049,
                    1525665671.049
                ]
            },
            "www.ics.uci.edu/~asliu1": {
                "types": {
                    "datamodel.search.DelehoybMshoshanUfperez_datamodel.DelehoybMshoshanUfperezLink": 0
                },
                "version": [
                    1525665671.049,
                    1525665671.049
                ]
            },
            "www.ics.uci.edu/~mvyawaha": {
                "types": {
                    "datamodel.search.DelehoybMshoshanUfperez_datamodel.DelehoybMshoshanUfperezLink": 0
                },
                "version": [
                    1525665671.049,
                    1525665671.049
                ]
            }
        }
    }
}{
    "gc": {}
}